--插入菜单系统表数据，一个元数据，一个决策视窗二个系统
insert into META_MENU_GROUP(group_id,group_name,group_sn,group_state,group_logo,default_skin,frame_url) values(20,'决策视窗',2,'1','',null,'');
insert into META_MENU_GROUP(group_id,group_name,group_sn,group_state,group_logo,default_skin,frame_url) values(1,'元数据管理',1,'1','',null,'');
-- 初始化公用的菜单数据，主要是元数据中的菜单
insert into meta_mag_menu(menu_id,parent_id,menu_name,menu_tip,menu_url,page_button,group_id,order_id,is_show,create_date,icon_url,target,user_attr,nav_state,user_attr_list,menu_state) values(51002,51001,'数据准备','','','',1,1,1,to_date('2012-02-09 09:54:05','yyyy-mm-dd'),'','right',1,0,'',null);
insert into meta_mag_menu(menu_id,parent_id,menu_name,menu_tip,menu_url,page_button,group_id,order_id,is_show,create_date,icon_url,target,user_attr,nav_state,user_attr_list,menu_state) values(51003,51001,'应用情况分析','','','',1,4,1,to_date('2012-02-09 09:54:24','yyyy-mm-dd'),'','right',1,0,'',null);
insert into meta_mag_menu(menu_id,parent_id,menu_name,menu_tip,menu_url,page_button,group_id,order_id,is_show,create_date,icon_url,target,user_attr,nav_state,user_attr_list,menu_state) values(51004,51001,'应用下线','','','',1,6,1,to_date('2012-02-09 09:54:40','yyyy-mm-dd'),'','right',1,0,'',null);
insert into meta_mag_menu(menu_id,parent_id,menu_name,menu_tip,menu_url,page_button,group_id,order_id,is_show,create_date,icon_url,target,user_attr,nav_state,user_attr_list,menu_state) values(51005,51002,'字段分类管理','','meta/module/reportManage/colTypeManage/colTypeManage.jsp','',1,1,1,to_date('2012-02-09 09:55:23','yyyy-mm-dd'),'','right',1,0,'',null);
insert into meta_mag_menu(menu_id,parent_id,menu_name,menu_tip,menu_url,page_button,group_id,order_id,is_show,create_date,icon_url,target,user_attr,nav_state,user_attr_list,menu_state) values(73001,2002,'码表管理','','meta/module/mag/sysCode/sysCode.jsp','',1,8,1,to_date('2012-03-14 17:08:29','yyyy-mm-dd'),'','right',1,0,'',null);
insert into meta_mag_menu(menu_id,parent_id,menu_name,menu_tip,menu_url,page_button,group_id,order_id,is_show,create_date,icon_url,target,user_attr,nav_state,user_attr_list,menu_state) values(46002,6001,'我的表类申请','','meta/module/tbl/apply/myApptbl.jsp','',1,2,1,to_date('2012-01-16 15:25:58','yyyy-mm-dd'),'','right',1,0,'',null);
insert into meta_mag_menu(menu_id,parent_id,menu_name,menu_tip,menu_url,page_button,group_id,order_id,is_show,create_date,icon_url,target,user_attr,nav_state,user_attr_list,menu_state) values(47001,6001,'批量新增业务表类','','/meta/module/tbl/import/batchImport.jsp','',1,9,1,to_date('2012-01-31 10:49:15','yyyy-mm-dd'),'','right',1,0,'',null);
insert into meta_mag_menu(menu_id,parent_id,menu_name,menu_tip,menu_url,page_button,group_id,order_id,is_show,create_date,icon_url,target,user_attr,nav_state,user_attr_list,menu_state) values(43003,43001,'萨达','','是说','',1,1,1,to_date('2011-12-30 22:42:43','yyyy-mm-dd'),'','right',1,0,'',null);
insert into meta_mag_menu(menu_id,parent_id,menu_name,menu_tip,menu_url,page_button,group_id,order_id,is_show,create_date,icon_url,target,user_attr,nav_state,user_attr_list,menu_state) values(23,0,'领导者视窗','领导者视窗','portal/module/portal/down.jsp','新增:add_btn:1',20,1,1,to_date('2011-11-29 19:19:07','yyyy-mm-dd'),'/portal/resource/images/lev1Ico/zhoubo.gif','top',0,15,'',null);
insert into meta_mag_menu(menu_id,parent_id,menu_name,menu_tip,menu_url,page_button,group_id,order_id,is_show,create_date,icon_url,target,user_attr,nav_state,user_attr_list,menu_state) values(66009,51001,'报表应用','','','',1,8,1,to_date('2012-03-08 15:12:50','yyyy-mm-dd'),'','right',1,0,'',null);
insert into meta_mag_menu(menu_id,parent_id,menu_name,menu_tip,menu_url,page_button,group_id,order_id,is_show,create_date,icon_url,target,user_attr,nav_state,user_attr_list,menu_state) values(45001,6001,'导入实体表','','meta/module/tbl/imptab/imptab.jsp','',1,8,1,to_date('2012-01-09 14:10:46','yyyy-mm-dd'),'','right',1,0,'',null);
insert into meta_mag_menu(menu_id,parent_id,menu_name,menu_tip,menu_url,page_button,group_id,order_id,is_show,create_date,icon_url,target,user_attr,nav_state,user_attr_list,menu_state) values(66010,66009,'我收藏的报表','','meta/module/reportManage/myCollectReport/myCollectReport.jsp','',1,1,1,to_date('2012-03-08 15:13:48','yyyy-mm-dd'),'','right',1,0,'',null);
insert into meta_mag_menu(menu_id,parent_id,menu_name,menu_tip,menu_url,page_button,group_id,order_id,is_show,create_date,icon_url,target,user_attr,nav_state,user_attr_list,menu_state) values(10,23,'用户发展','用户发展','','',20,4,0,to_date('2011-11-29 19:19:07','yyyy-mm-dd'),'','right',0,15,'',null);
insert into meta_mag_menu(menu_id,parent_id,menu_name,menu_tip,menu_url,page_button,group_id,order_id,is_show,create_date,icon_url,target,user_attr,nav_state,user_attr_list,menu_state) values(11,23,'业务量与流量','业务量与流量','','',20,1,0,to_date('2011-11-29 19:19:07','yyyy-mm-dd'),'','right',0,15,'',null);
insert into meta_mag_menu(menu_id,parent_id,menu_name,menu_tip,menu_url,page_button,group_id,order_id,is_show,create_date,icon_url,target,user_attr,nav_state,user_attr_list,menu_state) values(12,23,'过网用户','过网用户','','',20,2,0,to_date('2011-11-29 19:19:07','yyyy-mm-dd'),'','right',0,15,'',null);
insert into meta_mag_menu(menu_id,parent_id,menu_name,menu_tip,menu_url,page_button,group_id,order_id,is_show,create_date,icon_url,target,user_attr,nav_state,user_attr_list,menu_state) values(13,23,'收入预测','收入预测','','',20,3,0,to_date('2011-11-29 19:19:07','yyyy-mm-dd'),'','right',0,15,'',null);
insert into meta_mag_menu(menu_id,parent_id,menu_name,menu_tip,menu_url,page_button,group_id,order_id,is_show,create_date,icon_url,target,user_attr,nav_state,user_attr_list,menu_state) values(51006,51002,'发布数据模型','','meta/module/reportManage/publishDataModel/publishDataModel.jsp','',1,2,1,to_date('2012-02-09 09:55:43','yyyy-mm-dd'),'','right',1,0,'',null);
insert into meta_mag_menu(menu_id,parent_id,menu_name,menu_tip,menu_url,page_button,group_id,order_id,is_show,create_date,icon_url,target,user_attr,nav_state,user_attr_list,menu_state) values(51008,51002,'审核数据','','meta/module/reportManage/auditData/auditData.jsp','',1,3,1,to_date('2012-02-09 09:56:55','yyyy-mm-dd'),'','right',1,0,'',null);
insert into meta_mag_menu(menu_id,parent_id,menu_name,menu_tip,menu_url,page_button,group_id,order_id,is_show,create_date,icon_url,target,user_attr,nav_state,user_attr_list,menu_state) values(5003,2002,'应用排名','','meta/module/mag/log/menuVisitInfo.jsp?adminFlag=true','',1,11,1,to_date('2011-10-20 11:47:00','yyyy-mm-dd'),'[object Object]','right',1,15,'',null);
insert into meta_mag_menu(menu_id,parent_id,menu_name,menu_tip,menu_url,page_button,group_id,order_id,is_show,create_date,icon_url,target,user_attr,nav_state,user_attr_list,menu_state) values(1001,0,'维度管理','','meta/module/index/welcome.jsp','',1,4,1,to_date('2011-10-13 10:11:40','yyyy-mm-dd'),'/meta/resource/images/user-mag.png','top',1,15,'',null);
insert into meta_mag_menu(menu_id,parent_id,menu_name,menu_tip,menu_url,page_button,group_id,order_id,is_show,create_date,icon_url,target,user_attr,nav_state,user_attr_list,menu_state) values(2005,2002,'角色管理','','meta/module/mag/role/role.jsp','addRole:新增^modifyRole:修改^deleteRole:删除^refUser:关联用户^refMenu:关联菜单^refDimUsers:对地域机构授权',1,1,1,to_date('2011-09-28 09:14:21','yyyy-mm-dd'),'[object Object]','right',0,15,'',null);
insert into meta_mag_menu(menu_id,parent_id,menu_name,menu_tip,menu_url,page_button,group_id,order_id,is_show,create_date,icon_url,target,user_attr,nav_state,user_attr_list,menu_state) values(1002,1001,'地域查询','','meta/module/mag/zone/zone.jsp','refUser:下属用户',1,1,1,to_date('2011-10-13 10:11:40','yyyy-mm-dd'),'[object Object]','right',1,15,'',null);
insert into meta_mag_menu(menu_id,parent_id,menu_name,menu_tip,menu_url,page_button,group_id,order_id,is_show,create_date,icon_url,target,user_attr,nav_state,user_attr_list,menu_state) values(1003,1001,'部门查询','','meta/module/mag/dept/dept.jsp','refUser:下属用户',1,2,1,to_date('2011-10-13 10:11:40','yyyy-mm-dd'),'[object Object]','right',1,15,'',null);
insert into meta_mag_menu(menu_id,parent_id,menu_name,menu_tip,menu_url,page_button,group_id,order_id,is_show,create_date,icon_url,target,user_attr,nav_state,user_attr_list,menu_state) values(1004,1001,'岗位查询','','meta/module/mag/station/station.jsp','refUser:下属用户',1,3,1,to_date('2011-10-13 10:11:40','yyyy-mm-dd'),'[object Object]','right',1,15,'',null);
insert into meta_mag_menu(menu_id,parent_id,menu_name,menu_tip,menu_url,page_button,group_id,order_id,is_show,create_date,icon_url,target,user_attr,nav_state,user_attr_list,menu_state) values(5002,2002,'访问排名','','meta/module/mag/log/loginLog.jsp?adminFlag=true','',1,12,1,to_date('2011-10-20 11:00:00','yyyy-mm-dd'),'[object Object]','right',1,15,'',null);
insert into meta_mag_menu(menu_id,parent_id,menu_name,menu_tip,menu_url,page_button,group_id,order_id,is_show,create_date,icon_url,target,user_attr,nav_state,user_attr_list,menu_state) values(8001,8002,'维度表添加','','meta/module/tbl/dim/addDim.jsp','',1,null,1,to_date('2011-10-27 09:54:35','yyyy-mm-dd'),'[object Object]','right',1,15,'',null);
insert into meta_mag_menu(menu_id,parent_id,menu_name,menu_tip,menu_url,page_button,group_id,order_id,is_show,create_date,icon_url,target,user_attr,nav_state,user_attr_list,menu_state) values(9001,6001,'查询表类','','','',1,4,1,to_date('2011-10-31 09:54:32','yyyy-mm-dd'),'[object Object]','right',0,15,'',null);
insert into meta_mag_menu(menu_id,parent_id,menu_name,menu_tip,menu_url,page_button,group_id,order_id,is_show,create_date,icon_url,target,user_attr,nav_state,user_attr_list,menu_state) values(2007,2004,'用户申请','用户申请','meta/public/userApply.jsp','',1,1,1,to_date('2011-10-31 15:05:18','yyyy-mm-dd'),'','right',1,15,'',null);
insert into meta_mag_menu(menu_id,parent_id,menu_name,menu_tip,menu_url,page_button,group_id,order_id,is_show,create_date,icon_url,target,user_attr,nav_state,user_attr_list,menu_state) values(2008,2004,'用户审核','用户审核','meta/module/mag/user/userAudit.jsp','auditUser:审核',1,2,1,to_date('2011-10-31 15:05:18','yyyy-mm-dd'),'','right',1,15,'',null);
insert into meta_mag_menu(menu_id,parent_id,menu_name,menu_tip,menu_url,page_button,group_id,order_id,is_show,create_date,icon_url,target,user_attr,nav_state,user_attr_list,menu_state) values(2009,2004,'用户维护','用户维护','meta/module/mag/user/user.jsp','applyUser:新增^modifyUser:修改^deleteUser:删除^disableUser:禁用^startUser:启用^refRole:关联角色^refMenu:关联菜单^initPwd:重置密码',1,3,1,to_date('2011-10-31 15:05:18','yyyy-mm-dd'),'','right',1,15,'',null);
insert into meta_mag_menu(menu_id,parent_id,menu_name,menu_tip,menu_url,page_button,group_id,order_id,is_show,create_date,icon_url,target,user_attr,nav_state,user_attr_list,menu_state) values(1020,1001,'维护归并类型','','meta/module/dim/dimtype/dimtype.jsp','',1,9,1,to_date('2011-11-07 11:47:12','yyyy-mm-dd'),'','right',null,null,'',null);
insert into meta_mag_menu(menu_id,parent_id,menu_name,menu_tip,menu_url,page_button,group_id,order_id,is_show,create_date,icon_url,target,user_attr,nav_state,user_attr_list,menu_state) values(1019,1001,'维护维度视图','维护维度视图','meta/module/dim/maintain/maintain.jsp','addDim:新增维度表类^updateDim:修改维度表^dimType:归并类型维护^maintainCodeData:编码数据维护^codeMapping:编码映射维护^intRelValue:接口表查询',1,5,1,to_date('2011-11-07 10:13:19','yyyy-mm-dd'),'','right',null,null,'',null);
insert into meta_mag_menu(menu_id,parent_id,menu_name,menu_tip,menu_url,page_button,group_id,order_id,is_show,create_date,icon_url,target,user_attr,nav_state,user_attr_list,menu_state) values(51009,51001,'报表创建','','meta/module/reportManage/reportBuildIndex/reportBuildIndex.jsp','',1,2,1,to_date('2012-02-09 09:57:19','yyyy-mm-dd'),'','right',1,0,'',null);
insert into meta_mag_menu(menu_id,parent_id,menu_name,menu_tip,menu_url,page_button,group_id,order_id,is_show,create_date,icon_url,target,user_attr,nav_state,user_attr_list,menu_state) values(210012,1001,'查看维度视图','','meta/module/dim/view/view.jsp','viewDim:查看维度表信息^dimType:查看归并类型^maintainCodeData:查看归并编码^codeMapping:查看归并映射^intRelValue:接口表查询',1,10,1,to_date('2011-11-21 02:17:03','yyyy-mm-dd'),'','right',1,15,'',null);
insert into meta_mag_menu(menu_id,parent_id,menu_name,menu_tip,menu_url,page_button,group_id,order_id,is_show,create_date,icon_url,target,user_attr,nav_state,user_attr_list,menu_state) values(2002,0,'系统管理','','meta/module/index/welcome.jsp','',1,1,1,to_date('2011-09-28 09:10:08','yyyy-mm-dd'),'/meta/resource/images/system-mag.png','blank',0,31,'',null);
insert into meta_mag_menu(menu_id,parent_id,menu_name,menu_tip,menu_url,page_button,group_id,order_id,is_show,create_date,icon_url,target,user_attr,nav_state,user_attr_list,menu_state) values(2003,2002,'菜单管理','','meta/module/mag/menu/menu.jsp','addSiblingMenu:新增同级菜单^addSubMenu:新增下级菜单^deleteMenu:删除菜单^updateMenu:修改菜单^refUser:关联用户^refRole:关联角色^changeLevel:调序更改层次',1,13,1,to_date('2011-09-28 09:11:58','yyyy-mm-dd'),'','right',1,15,'',null);
insert into meta_mag_menu(menu_id,parent_id,menu_name,menu_tip,menu_url,page_button,group_id,order_id,is_show,create_date,icon_url,target,user_attr,nav_state,user_attr_list,menu_state) values(2004,2002,'用户管理','用户管理','meta/module/index/welcome.jsp','',1,0,1,to_date('2011-09-28 09:13:18','yyyy-mm-dd'),'[object Object]','right',1,15,'',null);
insert into meta_mag_menu(menu_id,parent_id,menu_name,menu_tip,menu_url,page_button,group_id,order_id,is_show,create_date,icon_url,target,user_attr,nav_state,user_attr_list,menu_state) values(5001,2002,'业务系统','业务系统','meta/module/mag/group/group.jsp','addGroup:新增^modifyGroup:修改^deleteGroup:删除^ownMenus:下属菜单',1,25,1,to_date('2011-10-19 16:44:38','yyyy-mm-dd'),'','right',1,15,'',null);
insert into meta_mag_menu(menu_id,parent_id,menu_name,menu_tip,menu_url,page_button,group_id,order_id,is_show,create_date,icon_url,target,user_attr,nav_state,user_attr_list,menu_state) values(6001,0,'表类管理','','meta/module/index/welcome.jsp','',1,2,1,to_date('2011-10-25 14:59:36','yyyy-mm-dd'),'/meta/resource/images/table.png','top',1,15,'',null);
insert into meta_mag_menu(menu_id,parent_id,menu_name,menu_tip,menu_url,page_button,group_id,order_id,is_show,create_date,icon_url,target,user_attr,nav_state,user_attr_list,menu_state) values(7001,6001,'业务类型管理','','/meta/module/tbl/category/category.jsp','',1,7,1,to_date('2011-10-26 14:20:13','yyyy-mm-dd'),'meta/public/upload/menuIcon/1331692065672.png','right',1,15,'',null);
insert into meta_mag_menu(menu_id,parent_id,menu_name,menu_tip,menu_url,page_button,group_id,order_id,is_show,create_date,icon_url,target,user_attr,nav_state,user_attr_list,menu_state) values(6003,6001,'新增业务表类','','meta/module/tbl/apply/apply.jsp','',1,3,1,to_date('2011-10-25 15:03:40','yyyy-mm-dd'),'','right',1,15,'',null);
insert into meta_mag_menu(menu_id,parent_id,menu_name,menu_tip,menu_url,page_button,group_id,order_id,is_show,create_date,icon_url,target,user_attr,nav_state,user_attr_list,menu_state) values(9002,9001,'全息视图','','meta/module/tbl/view/tableView.jsp','basicInfo:基本信息^tableRef:表类关系^tableInstance:表类实例^changeHistory:变动历史',1,null,1,to_date('2011-10-31 09:59:08','yyyy-mm-dd'),'[object Object]','right',1,15,'',null);
insert into meta_mag_menu(menu_id,parent_id,menu_name,menu_tip,menu_url,page_button,group_id,order_id,is_show,create_date,icon_url,target,user_attr,nav_state,user_attr_list,menu_state) values(10001,6001,'表类审批','','/meta/module/tbl/examine/examine.jsp','',1,6,1,to_date('2011-11-01 09:33:32','yyyy-mm-dd'),'[object Object]','right',1,15,'',null);
insert into meta_mag_menu(menu_id,parent_id,menu_name,menu_tip,menu_url,page_button,group_id,order_id,is_show,create_date,icon_url,target,user_attr,nav_state,user_attr_list,menu_state) values(17001,9001,'预警信息','','/meta/module/tbl/diff/diffWarning.jsp','',1,0,1,to_date('2011-11-11 15:36:18','yyyy-mm-dd'),'[object Object]','right',0,15,'',null);
insert into meta_mag_menu(menu_id,parent_id,menu_name,menu_tip,menu_url,page_button,group_id,order_id,is_show,create_date,icon_url,target,user_attr,nav_state,user_attr_list,menu_state) values(8003,8002,'维护表类','','meta/module/tbl/maintain/maintain.jsp','',1,null,1,to_date('2011-11-07 00:00:00','yyyy-mm-dd'),'','right',1,15,'',null);
insert into meta_mag_menu(menu_id,parent_id,menu_name,menu_tip,menu_url,page_button,group_id,order_id,is_show,create_date,icon_url,target,user_attr,nav_state,user_attr_list,menu_state) values(71023,66009,'报表超市','','meta/module/reportManage/supermarket/repSupermarket.jsp','',1,2,1,to_date('2012-03-13 14:09:24','yyyy-mm-dd'),'','right',1,0,'',null);
insert into meta_mag_menu(menu_id,parent_id,menu_name,menu_tip,menu_url,page_button,group_id,order_id,is_show,create_date,icon_url,target,user_attr,nav_state,user_attr_list,menu_state) values(212101,1001,'查询接口表','','meta/module/dim/intRel/intRelQuery.jsp','',1,4,1,to_date('2011-11-19 10:52:24','yyyy-mm-dd'),'','right',null,null,'',null);
insert into meta_mag_menu(menu_id,parent_id,menu_name,menu_tip,menu_url,page_button,group_id,order_id,is_show,create_date,icon_url,target,user_attr,nav_state,user_attr_list,menu_state) values(8002,6001,'维护表类','','','',1,5,1,to_date('2011-10-27 10:59:33','yyyy-mm-dd'),'','right',0,15,'',null);
insert into meta_mag_menu(menu_id,parent_id,menu_name,menu_tip,menu_url,page_button,group_id,order_id,is_show,create_date,icon_url,target,user_attr,nav_state,user_attr_list,menu_state) values(35001,1001,'维度表映射规则维护','','/meta/module/dim/intRelManger/intRelManger.jsp','',1,6,1,to_date('2011-12-23 16:21:12','yyyy-mm-dd'),'','right',1,31,'',null);
insert into meta_mag_menu(menu_id,parent_id,menu_name,menu_tip,menu_url,page_button,group_id,order_id,is_show,create_date,icon_url,target,user_attr,nav_state,user_attr_list,menu_state) values(51010,51001,'报表应用','','meta/module/reportManage/reportApplication/reportApplication.jsp','',1,3,1,to_date('2012-02-09 09:57:39','yyyy-mm-dd'),'','right',1,0,'',null);
insert into meta_mag_menu(menu_id,parent_id,menu_name,menu_tip,menu_url,page_button,group_id,order_id,is_show,create_date,icon_url,target,user_attr,nav_state,user_attr_list,menu_state) values(75002,75001,'传参绑定模式','','/meta/public/reportDesign/designer.jsp?debug=true&rptType=1&rptId=1','',1,1,1,to_date('2012-03-19 18:37:41','yyyy-mm-dd'),'','right',1,0,'',null);
insert into meta_mag_menu(menu_id,parent_id,menu_name,menu_tip,menu_url,page_button,group_id,order_id,is_show,create_date,icon_url,target,user_attr,nav_state,user_attr_list,menu_state) values(43001,43003,'1','','','',1,4,1,to_date('2011-12-30 22:36:48','yyyy-mm-dd'),'meta/public/upload/menuIcon/1325255734849.png','right',1,0,'',null);
insert into meta_mag_menu(menu_id,parent_id,menu_name,menu_tip,menu_url,page_button,group_id,order_id,is_show,create_date,icon_url,target,user_attr,nav_state,user_attr_list,menu_state) values(75001,51001,'报表设计器','','','',1,7,1,to_date('2012-03-19 18:37:10','yyyy-mm-dd'),'','right',1,0,'',null);
insert into meta_mag_menu(menu_id,parent_id,menu_name,menu_tip,menu_url,page_button,group_id,order_id,is_show,create_date,icon_url,target,user_attr,nav_state,user_attr_list,menu_state) values(75003,75001,'全功能设计器','','/meta/public/reportDesign/designer.jsp?debug=true','',1,2,1,to_date('2012-03-19 18:37:54','yyyy-mm-dd'),'','right',1,0,'',null);
insert into meta_mag_menu(menu_id,parent_id,menu_name,menu_tip,menu_url,page_button,group_id,order_id,is_show,create_date,icon_url,target,user_attr,nav_state,user_attr_list,menu_state) values(48001,1001,'审核维度编码','','meta/module/dim/audit/dimaudit.jsp','',1,8,1,to_date('2012-02-02 09:28:58','yyyy-mm-dd'),'','right',1,0,'',null);
insert into meta_mag_menu(menu_id,parent_id,menu_name,menu_tip,menu_url,page_button,group_id,order_id,is_show,create_date,icon_url,target,user_attr,nav_state,user_attr_list,menu_state) values(51011,51003,'个人应用情况','','meta/module/reportManage/personalApplication/personalApplication.jsp','',1,1,1,to_date('2012-02-09 09:58:28','yyyy-mm-dd'),'','right',1,0,'',null);
insert into meta_mag_menu(menu_id,parent_id,menu_name,menu_tip,menu_url,page_button,group_id,order_id,is_show,create_date,icon_url,target,user_attr,nav_state,user_attr_list,menu_state) values(51012,51003,'报表应用分析','','meta/module/reportManage/reportApplication/reportApplication.jsp','',1,2,1,to_date('2012-02-09 09:58:41','yyyy-mm-dd'),'','right',1,0,'',null);
insert into meta_mag_menu(menu_id,parent_id,menu_name,menu_tip,menu_url,page_button,group_id,order_id,is_show,create_date,icon_url,target,user_attr,nav_state,user_attr_list,menu_state) values(51013,51003,'搜索关键字统计','','meta/module/reportManage/keywordCount/keywordCount.jsp','',1,3,1,to_date('2012-02-09 09:58:55','yyyy-mm-dd'),'','right',1,0,'',null);
insert into meta_mag_menu(menu_id,parent_id,menu_name,menu_tip,menu_url,page_button,group_id,order_id,is_show,create_date,icon_url,target,user_attr,nav_state,user_attr_list,menu_state) values(51014,51004,'数据下线','','meta/module/reportManage/dataOffline/dataOffline.jsp','',1,1,1,to_date('2012-02-09 09:59:08','yyyy-mm-dd'),'','right',1,0,'',null);
insert into meta_mag_menu(menu_id,parent_id,menu_name,menu_tip,menu_url,page_button,group_id,order_id,is_show,create_date,icon_url,target,user_attr,nav_state,user_attr_list,menu_state) values(51015,51001,'报表下线','','meta/module/reportManage/reportOffline/reportOffline.jsp','',1,5,1,to_date('2012-02-09 09:59:16','yyyy-mm-dd'),'','right',1,0,'',null);
insert into meta_mag_menu(menu_id,parent_id,menu_name,menu_tip,menu_url,page_button,group_id,order_id,is_show,create_date,icon_url,target,user_attr,nav_state,user_attr_list,menu_state) values(76001,66009,'我创建的报表','','meta/module/reportManage/myReport/myReport.jsp','',1,3,1,to_date('2012-03-20 10:39:29','yyyy-mm-dd'),'','right',1,0,'',null);
insert into meta_mag_menu(menu_id,parent_id,menu_name,menu_tip,menu_url,page_button,group_id,order_id,is_show,create_date,icon_url,target,user_attr,nav_state,user_attr_list,menu_state) values(51001,0,'报表管理','','meta/module/index/welcome.jsp','',1,12,1,to_date('2012-02-09 09:53:19','yyyy-mm-dd'),'/meta/resource/images/report.png','top',1,15,'',null);
insert into meta_mag_menu(menu_id,parent_id,menu_name,menu_tip,menu_url,page_button,group_id,order_id,is_show,create_date,icon_url,target,user_attr,nav_state,user_attr_list,menu_state) values(52001,6001,'数据源管理','','/meta/module/tbl/datasource/dataSource.jsp','addDataSource:新增数据源^modifyDataSource:修改数据源^onlineDataSource:启用^offlineDataSource:停用',1,9,1,to_date('2012-02-14 09:18:16','yyyy-mm-dd'),'','right',1,0,'',null);
insert into meta_mag_menu(menu_id,parent_id,menu_name,menu_tip,menu_url,page_button,group_id,order_id,is_show,create_date,icon_url,target,user_attr,nav_state,user_attr_list,menu_state) values(2010,2002,'个人工作台','','meta/module/index/welcome.jsp','',1,4,1,to_date('2012-03-12 00:00:00','yyyy-mm-dd'),'','right',1,15,'',null);
insert into meta_mag_menu(menu_id,parent_id,menu_name,menu_tip,menu_url,page_button,group_id,order_id,is_show,create_date,icon_url,target,user_attr,nav_state,user_attr_list,menu_state) values(2011,2010,'个人资料完善','个人资料完善','meta/module/mag/user/myinfo.jsp','',1,5,1,to_date('2012-03-12 00:00:00','yyyy-mm-dd'),'','right',1,15,'',null);
-- 初始化角色表数据
insert into meta_mag_role (ROLE_ID, ROLE_NAME, ROLE_DESC, ROLE_STATE, CREATE_DATE) values (125, '省/市IT支撑人员', '省/市IT支撑人员', 1, to_date('17-10-2011 12:18:51', 'dd-mm-yyyy hh24:mi:ss'));
insert into meta_mag_role (ROLE_ID, ROLE_NAME, ROLE_DESC, ROLE_STATE, CREATE_DATE) values (121, '省/市部门经理', '省/市部门经理', 1, to_date('17-10-2011 12:18:44', 'dd-mm-yyyy hh24:mi:ss'));
insert into meta_mag_role (ROLE_ID, ROLE_NAME, ROLE_DESC, ROLE_STATE, CREATE_DATE) values (128, '客户经理', '客户经理', 1, to_date('17-10-2011 12:18:51', 'dd-mm-yyyy hh24:mi:ss'));
insert into meta_mag_role (ROLE_ID, ROLE_NAME, ROLE_DESC, ROLE_STATE, CREATE_DATE) values (91, '资源分配', '资源分配', 1, to_date('17-10-2011 12:18:51', 'dd-mm-yyyy hh24:mi:ss'));
insert into meta_mag_role (ROLE_ID, ROLE_NAME, ROLE_DESC, ROLE_STATE, CREATE_DATE) values (92, '资源登记', '资源登记', 1, to_date('17-10-2011 12:18:51', 'dd-mm-yyyy hh24:mi:ss'));
insert into meta_mag_role (ROLE_ID, ROLE_NAME, ROLE_DESC, ROLE_STATE, CREATE_DATE) values (95, '业务数据使用者', '业务数据使用者', 1, to_date('17-10-2011 12:18:51', 'dd-mm-yyyy hh24:mi:ss'));
insert into meta_mag_role (ROLE_ID, ROLE_NAME, ROLE_DESC, ROLE_STATE, CREATE_DATE) values (120, '省/市公司领导', '省/市公司领导', 1, to_date('17-10-2011 12:18:51', 'dd-mm-yyyy hh24:mi:ss'));
insert into meta_mag_role (ROLE_ID, ROLE_NAME, ROLE_DESC, ROLE_STATE, CREATE_DATE) values (122, '省/市统计分析人员', '省/市统计分析人员', 1, to_date('17-10-2011 12:18:51', 'dd-mm-yyyy hh24:mi:ss'));
insert into meta_mag_role (ROLE_ID, ROLE_NAME, ROLE_DESC, ROLE_STATE, CREATE_DATE) values (129, '系统运维管理', '系统运维管理', 1, to_date('17-10-2011 12:19:00', 'dd-mm-yyyy hh24:mi:ss'));
insert into meta_mag_role (ROLE_ID, ROLE_NAME, ROLE_DESC, ROLE_STATE, CREATE_DATE) values (130, 'IT厂商', 'IT厂商', 1, to_date('17-10-2011 12:19:00', 'dd-mm-yyyy hh24:mi:ss'));
insert into meta_mag_role (ROLE_ID, ROLE_NAME, ROLE_DESC, ROLE_STATE, CREATE_DATE) values (131, '省/市常规分析人员', '省/市常规分析人员', 1, to_date('17-10-2011 12:19:00', 'dd-mm-yyyy hh24:mi:ss'));
insert into meta_mag_role (ROLE_ID, ROLE_NAME, ROLE_DESC, ROLE_STATE, CREATE_DATE) values (123, '省/市营销策划人员', '省/市营销策划人员', 1, to_date('17-10-2011 12:20:27', 'dd-mm-yyyy hh24:mi:ss'));
insert into meta_mag_role (ROLE_ID, ROLE_NAME, ROLE_DESC, ROLE_STATE, CREATE_DATE) values (124, '省/市客户洞察人员', '省/市客户洞察人员', 1, to_date('17-10-2011 12:20:37', 'dd-mm-yyyy hh24:mi:ss'));
insert into meta_mag_role (ROLE_ID, ROLE_NAME, ROLE_DESC, ROLE_STATE, CREATE_DATE) values (126, '县公司管理人员', '县公司管理人员', 1, to_date('17-10-2011 12:20:37', 'dd-mm-yyyy hh24:mi:ss'));
insert into meta_mag_role (ROLE_ID, ROLE_NAME, ROLE_DESC, ROLE_STATE, CREATE_DATE) values (127, '网格经理/支局长', '网格经理/支局长', 1, to_date('17-10-2011 12:20:37', 'dd-mm-yyyy hh24:mi:ss'));
--初始化码表数据
insert into META_SYS_CODE_TYPE(code_type_id,dir_id,type_code,code_type_name,is_editable,description) values(7,1,'DATA_SOURCE_TYPE','数据源类型',1,'');
insert into META_SYS_CODE_TYPE(code_type_id,dir_id,type_code,code_type_name,is_editable,description) values(12,1,'USER_STATE_CHANGE','用户状态变动',0,'');
insert into META_SYS_CODE_TYPE(code_type_id,dir_id,type_code,code_type_name,is_editable,description) values(5,1,'table_state','表类状态',0,'');
insert into META_SYS_CODE_TYPE(code_type_id,dir_id,type_code,code_type_name,is_editable,description) values(9,1,'PRT_AGREED','应用约定',1,'');
insert into META_SYS_CODE_TYPE(code_type_id,dir_id,type_code,code_type_name,is_editable,description) values(10,1,'IS_SHOW','是否展现',0,'');
insert into META_SYS_CODE_TYPE(code_type_id,dir_id,type_code,code_type_name,is_editable,description) values(11,1,'DATA_CYCLE','数据周期',1,'');
insert into META_SYS_CODE_TYPE(code_type_id,dir_id,type_code,code_type_name,is_editable,description) values(13,1,'PUSH_TYPE','发送方式',1,'');
insert into META_SYS_CODE_TYPE(code_type_id,dir_id,type_code,code_type_name,is_editable,description) values(15,1,'REPORT_TIME','报表有效时间',1,'');
insert into META_SYS_CODE_TYPE(code_type_id,dir_id,type_code,code_type_name,is_editable,description) values(8,1,'TABLE_REL_TYPE','表类列关联类型',1,'');
insert into META_SYS_CODE_TYPE(code_type_id,dir_id,type_code,code_type_name,is_editable,description) values(14,1,'FAVORITE_TYPE','收藏分类',1,'');
insert into META_SYS_CODE_TYPE(code_type_id,dir_id,type_code,code_type_name,is_editable,description) values(1,1,'DATA_TYPE','字段数据类型',1,'');
insert into META_SYS_CODE_TYPE(code_type_id,dir_id,type_code,code_type_name,is_editable,description) values(2,1,'dim_apply','维度申请类型',1,'');
insert into META_SYS_CODE_TYPE(code_type_id,dir_id,type_code,code_type_name,is_editable,description) values(3,1,'group','分组计算类型',1,'');
insert into META_SYS_CODE_TYPE(code_type_id,dir_id,type_code,code_type_name,is_editable,description) values(4,1,'table_type','表类类型',1,'');
insert into META_SYS_CODE_TYPE(code_type_id,dir_id,type_code,code_type_name,is_editable,description) values(6,1,'DIM_TYPE_STATE','维度表归并类型状态',1,'');
insert into META_SYS_CODE(code_id,code_type_id,code_name,code_value,order_id) values(46,9,'前一天','-1',1);
insert into META_SYS_CODE(code_id,code_type_id,code_name,code_value,order_id) values(47,9,'前二天','-2',2);
insert into META_SYS_CODE(code_id,code_type_id,code_name,code_value,order_id) values(48,9,'前三天','-3',3);
insert into META_SYS_CODE(code_id,code_type_id,code_name,code_value,order_id) values(49,10,'展现','1',1);
insert into META_SYS_CODE(code_id,code_type_id,code_name,code_value,order_id) values(50,10,'不展现','0',2);
insert into META_SYS_CODE(code_id,code_type_id,code_name,code_value,order_id) values(51,11,'按天','11',1);
insert into META_SYS_CODE(code_id,code_type_id,code_name,code_value,order_id) values(52,11,'按月','22',2);
insert into META_SYS_CODE(code_id,code_type_id,code_name,code_value,order_id) values(41,7,'数据库','TABLE',1);
insert into META_SYS_CODE(code_id,code_type_id,code_name,code_value,order_id) values(42,7,'文件','FILE',2);
insert into META_SYS_CODE(code_id,code_type_id,code_name,code_value,order_id) values(53,12,'密码修改','1',1);
insert into META_SYS_CODE(code_id,code_type_id,code_name,code_value,order_id) values(54,12,'状态修改','2',2);
insert into META_SYS_CODE(code_id,code_type_id,code_name,code_value,order_id) values(31,5,'新增待审核','0',1);
insert into META_SYS_CODE(code_id,code_type_id,code_name,code_value,order_id) values(32,5,'修改待审核','2',2);
insert into META_SYS_CODE(code_id,code_type_id,code_name,code_value,order_id) values(33,5,'审核通过','4',3);
insert into META_SYS_CODE(code_id,code_type_id,code_name,code_value,order_id) values(34,5,'审核驳回','5',4);
insert into META_SYS_CODE(code_id,code_type_id,code_name,code_value,order_id) values(35,5,'上线','6',5);
insert into META_SYS_CODE(code_id,code_type_id,code_name,code_value,order_id) values(36,5,'下线','7',6);
insert into META_SYS_CODE(code_id,code_type_id,code_name,code_value,order_id) values(37,1,'NVARCHAR2()','NVARCHAR2()',7);
insert into META_SYS_CODE(code_id,code_type_id,code_name,code_value,order_id) values(55,13,'邮件','1',1);
insert into META_SYS_CODE(code_id,code_type_id,code_name,code_value,order_id) values(56,13,'彩信','2',2);
insert into META_SYS_CODE(code_id,code_type_id,code_name,code_value,order_id) values(57,13,'短信','3',3);
insert into META_SYS_CODE(code_id,code_type_id,code_name,code_value,order_id) values(63,15,'长期','1',1);
insert into META_SYS_CODE(code_id,code_type_id,code_name,code_value,order_id) values(64,15,'一年','2',2);
insert into META_SYS_CODE(code_id,code_type_id,code_name,code_value,order_id) values(1,1,'VARCHAR2()','VARCHAR2()',1);
insert into META_SYS_CODE(code_id,code_type_id,code_name,code_value,order_id) values(2,1,'CHAR()','CHAR()',2);
insert into META_SYS_CODE(code_id,code_type_id,code_name,code_value,order_id) values(3,1,'LONG','LONG',3);
insert into META_SYS_CODE(code_id,code_type_id,code_name,code_value,order_id) values(4,1,'DATE','DATE',4);
insert into META_SYS_CODE(code_id,code_type_id,code_name,code_value,order_id) values(5,1,'VARCHAR2(32)','VARCHAR2(32)',5);
insert into META_SYS_CODE(code_id,code_type_id,code_name,code_value,order_id) values(6,1,'NUMBER()','NUMBER()',6);
insert into META_SYS_CODE(code_id,code_type_id,code_name,code_value,order_id) values(7,2,'维度编码停用申请','5',1);
insert into META_SYS_CODE(code_id,code_type_id,code_name,code_value,order_id) values(8,2,'新增维度编码申请','4',2);
insert into META_SYS_CODE(code_id,code_type_id,code_name,code_value,order_id) values(9,2,'维度变更记录申请','1',3);
insert into META_SYS_CODE(code_id,code_type_id,code_name,code_value,order_id) values(10,2,'新增映射申请','2',4);
insert into META_SYS_CODE(code_id,code_type_id,code_name,code_value,order_id) values(11,2,'层级修改申请','3',5);
insert into META_SYS_CODE(code_id,code_type_id,code_name,code_value,order_id) values(12,2,'修改映射申请','8',6);
insert into META_SYS_CODE(code_id,code_type_id,code_name,code_value,order_id) values(13,2,'维度编码上线申请','7',7);
insert into META_SYS_CODE(code_id,code_type_id,code_name,code_value,order_id) values(14,2,'维度编码归并申请','6',8);
insert into META_SYS_CODE(code_id,code_type_id,code_name,code_value,order_id) values(15,2,'删除映射申请','9',9);
insert into META_SYS_CODE(code_id,code_type_id,code_name,code_value,order_id) values(16,3,'分组计算求平均值(avg)','2',1);
insert into META_SYS_CODE(code_id,code_type_id,code_name,code_value,order_id) values(17,3,'分组计算求和(sum)','1',2);
insert into META_SYS_CODE(code_id,code_type_id,code_name,code_value,order_id) values(18,3,'分组计算求记录数(count)','5',3);
insert into META_SYS_CODE(code_id,code_type_id,code_name,code_value,order_id) values(19,3,'分组计算求最后一条(last)','6',4);
insert into META_SYS_CODE(code_id,code_type_id,code_name,code_value,order_id) values(20,3,'分组计算求最大值(max)','3',5);
insert into META_SYS_CODE(code_id,code_type_id,code_name,code_value,order_id) values(21,3,'分组计算求最小值(min)','4',6);
insert into META_SYS_CODE(code_id,code_type_id,code_name,code_value,order_id) values(22,4,'维度接口表','3',3);
insert into META_SYS_CODE(code_id,code_type_id,code_name,code_value,order_id) values(23,4,'业务接口表','4',2);
insert into META_SYS_CODE(code_id,code_type_id,code_name,code_value,order_id) values(24,4,'系统表','1',1);
insert into META_SYS_CODE(code_id,code_type_id,code_name,code_value,order_id) values(25,4,'维度表','2',4);
insert into META_SYS_CODE(code_id,code_type_id,code_name,code_value,order_id) values(26,4,'EDM3.0模型表','5',5);
insert into META_SYS_CODE(code_id,code_type_id,code_name,code_value,order_id) values(27,4,'应用表','9',6);
insert into META_SYS_CODE(code_id,code_type_id,code_name,code_value,order_id) values(28,4,'基础指标表','7',7);
insert into META_SYS_CODE(code_id,code_type_id,code_name,code_value,order_id) values(29,4,'基础宽表','6',8);
insert into META_SYS_CODE(code_id,code_type_id,code_name,code_value,order_id) values(30,4,'汇总表','8',9);
insert into META_SYS_CODE(code_id,code_type_id,code_name,code_value,order_id) values(43,8,'一对一','1',1);
insert into META_SYS_CODE(code_id,code_type_id,code_name,code_value,order_id) values(44,8,'一对多','2',2);
insert into META_SYS_CODE(code_id,code_type_id,code_name,code_value,order_id) values(45,8,'多对一','3',3);
insert into META_SYS_CODE(code_id,code_type_id,code_name,code_value,order_id) values(58,14,'菜单','1',1);
insert into META_SYS_CODE(code_id,code_type_id,code_name,code_value,order_id) values(59,14,'报表','2',2);
insert into META_SYS_CODE(code_id,code_type_id,code_name,code_value,order_id) values(60,14,'指标','3',3);
insert into META_SYS_CODE(code_id,code_type_id,code_name,code_value,order_id) values(61,14,'模型','4',4);
insert into META_SYS_CODE(code_id,code_type_id,code_name,code_value,order_id) values(62,14,'其他','5',5);
insert into META_SYS_CODE(code_id,code_type_id,code_name,code_value,order_id) values(39,6,'停用','0',1);
insert into META_SYS_CODE(code_id,code_type_id,code_name,code_value,order_id) values(40,6,'启用','1',2);
-- 初始化系统管理的元数据系统
insert into META_SYS(sys_id,sys_name,sys_desc) values(1,'元数据管理','');
-- 初始化数据源，为元数据
insert into META_DATA_SOURCE(data_source_id,data_source_name,data_source_oraname,data_source_user,data_source_pass,data_source_type,data_source_rule,data_source_state,data_source_intro,sys_id,data_source_min_count) values(0,'元数据库','meta_linux','meta','meta','TABLE','jdbc:oracle:thin:@133.37.58.236:1521:ora10',1,'元数据库',1,null);
-- 初始化地域数据
insert into META_DIM_ZONE(zone_id,zone_par_id,zone_code,zone_name,zone_desc,dim_type_id,state,dim_level,mod_flag,order_id,oder_h,test_add_col3,test_add_col4,test_add_col1,test_add_col2,test_add_col5) values(411,22,'191','简阳','简阳市',1,1,3,1,0,null,to_date('','yyyy-mm-dd'),'',null,'',null);
insert into META_DIM_ZONE(zone_id,zone_par_id,zone_code,zone_name,zone_desc,dim_type_id,state,dim_level,mod_flag,order_id,oder_h,test_add_col3,test_add_col4,test_add_col1,test_add_col2,test_add_col5) values(412,22,'192','安岳','安岳县',1,1,3,1,0,null,to_date('','yyyy-mm-dd'),'',null,'',null);
insert into META_DIM_ZONE(zone_id,zone_par_id,zone_code,zone_name,zone_desc,dim_type_id,state,dim_level,mod_flag,order_id,oder_h,test_add_col3,test_add_col4,test_add_col1,test_add_col2,test_add_col5) values(413,22,'193','乐至','乐至县',1,1,3,1,0,null,to_date('','yyyy-mm-dd'),'',null,'',null);
insert into META_DIM_ZONE(zone_id,zone_par_id,zone_code,zone_name,zone_desc,dim_type_id,state,dim_level,mod_flag,order_id,oder_h,test_add_col3,test_add_col4,test_add_col1,test_add_col2,test_add_col5) values(414,22,'194','资阳市未知营业区','资阳市未知营业区',1,1,3,1,0,null,to_date('','yyyy-mm-dd'),'',null,'',null);
insert into META_DIM_ZONE(zone_id,zone_par_id,zone_code,zone_name,zone_desc,dim_type_id,state,dim_level,mod_flag,order_id,oder_h,test_add_col3,test_add_col4,test_add_col1,test_add_col2,test_add_col5) values(415,3,'195','自贡市公司部门','自贡市市辖区',1,1,3,1,0,null,to_date('','yyyy-mm-dd'),'',null,'',null);
insert into META_DIM_ZONE(zone_id,zone_par_id,zone_code,zone_name,zone_desc,dim_type_id,state,dim_level,mod_flag,order_id,oder_h,test_add_col3,test_add_col4,test_add_col1,test_add_col2,test_add_col5) values(416,3,'199','荣县','荣县',1,1,3,1,0,null,to_date('','yyyy-mm-dd'),'',null,'',null);
insert into META_DIM_ZONE(zone_id,zone_par_id,zone_code,zone_name,zone_desc,dim_type_id,state,dim_level,mod_flag,order_id,oder_h,test_add_col3,test_add_col4,test_add_col1,test_add_col2,test_add_col5) values(417,3,'200','富顺','富顺县',1,1,3,1,0,null,to_date('','yyyy-mm-dd'),'',null,'',null);
insert into META_DIM_ZONE(zone_id,zone_par_id,zone_code,zone_name,zone_desc,dim_type_id,state,dim_level,mod_flag,order_id,oder_h,test_add_col3,test_add_col4,test_add_col1,test_add_col2,test_add_col5) values(418,3,'201','自贡市未知营业区','自贡市未知营业区',1,1,3,1,0,null,to_date('','yyyy-mm-dd'),'',null,'',null);
insert into META_DIM_ZONE(zone_id,zone_par_id,zone_code,zone_name,zone_desc,dim_type_id,state,dim_level,mod_flag,order_id,oder_h,test_add_col3,test_add_col4,test_add_col1,test_add_col2,test_add_col5) values(419,8,'83','朝天','朝天区',1,1,3,1,0,null,to_date('','yyyy-mm-dd'),'',null,'',null);
insert into META_DIM_ZONE(zone_id,zone_par_id,zone_code,zone_name,zone_desc,dim_type_id,state,dim_level,mod_flag,order_id,oder_h,test_add_col3,test_add_col4,test_add_col1,test_add_col2,test_add_col5) values(420,11,'96','井研','井研县',1,1,3,1,0,null,to_date('','yyyy-mm-dd'),'',null,'',null);
insert into META_DIM_ZONE(zone_id,zone_par_id,zone_code,zone_name,zone_desc,dim_type_id,state,dim_level,mod_flag,order_id,oder_h,test_add_col3,test_add_col4,test_add_col1,test_add_col2,test_add_col5) values(421,19,'109','普格','普格县',1,1,3,1,0,null,to_date('','yyyy-mm-dd'),'',null,'',null);
insert into META_DIM_ZONE(zone_id,zone_par_id,zone_code,zone_name,zone_desc,dim_type_id,state,dim_level,mod_flag,order_id,oder_h,test_add_col3,test_add_col4,test_add_col1,test_add_col2,test_add_col5) values(422,5,'122','泸县','泸县',1,1,3,1,0,null,to_date('','yyyy-mm-dd'),'',null,'',null);
insert into META_DIM_ZONE(zone_id,zone_par_id,zone_code,zone_name,zone_desc,dim_type_id,state,dim_level,mod_flag,order_id,oder_h,test_add_col3,test_add_col4,test_add_col1,test_add_col2,test_add_col5) values(423,21,'134','眉山市未知营业区','眉山市未知营业区',1,1,3,1,0,null,to_date('','yyyy-mm-dd'),'',null,'',null);
insert into META_DIM_ZONE(zone_id,zone_par_id,zone_code,zone_name,zone_desc,dim_type_id,state,dim_level,mod_flag,order_id,oder_h,test_add_col3,test_add_col4,test_add_col1,test_add_col2,test_add_col5) values(424,10,'155','内江市公司部门','内江市市辖区',1,1,3,1,0,null,to_date('','yyyy-mm-dd'),'',null,'',null);
insert into META_DIM_ZONE(zone_id,zone_par_id,zone_code,zone_name,zone_desc,dim_type_id,state,dim_level,mod_flag,order_id,oder_h,test_add_col3,test_add_col4,test_add_col1,test_add_col2,test_add_col5) values(425,2,'41','成都市未知营业区','成都市未知营业区',1,1,3,1,0,null,to_date('','yyyy-mm-dd'),'',null,'',null);
insert into META_DIM_ZONE(zone_id,zone_par_id,zone_code,zone_name,zone_desc,dim_type_id,state,dim_level,mod_flag,order_id,oder_h,test_add_col3,test_add_col4,test_add_col1,test_add_col2,test_add_col5) values(426,9,'165','安居','安居区',1,1,3,1,0,null,to_date('','yyyy-mm-dd'),'',null,'',null);
insert into META_DIM_ZONE(zone_id,zone_par_id,zone_code,zone_name,zone_desc,dim_type_id,state,dim_level,mod_flag,order_id,oder_h,test_add_col3,test_add_col4,test_add_col1,test_add_col2,test_add_col5) values(427,3,'196','贡井','贡井区',1,1,3,1,0,null,to_date('','yyyy-mm-dd'),'',null,'',null);
insert into META_DIM_ZONE(zone_id,zone_par_id,zone_code,zone_name,zone_desc,dim_type_id,state,dim_level,mod_flag,order_id,oder_h,test_add_col3,test_add_col4,test_add_col1,test_add_col2,test_add_col5) values(428,3,'197','大安','大安区',1,1,3,1,0,null,to_date('','yyyy-mm-dd'),'',null,'',null);
insert into META_DIM_ZONE(zone_id,zone_par_id,zone_code,zone_name,zone_desc,dim_type_id,state,dim_level,mod_flag,order_id,oder_h,test_add_col3,test_add_col4,test_add_col1,test_add_col2,test_add_col5) values(429,3,'198','沿滩','沿滩区',1,1,3,1,0,null,to_date('','yyyy-mm-dd'),'',null,'',null);
insert into META_DIM_ZONE(zone_id,zone_par_id,zone_code,zone_name,zone_desc,dim_type_id,state,dim_level,mod_flag,order_id,oder_h,test_add_col3,test_add_col4,test_add_col1,test_add_col2,test_add_col5) values(430,4,'210','大渡口','大渡口',1,1,3,1,0,null,to_date('','yyyy-mm-dd'),'',null,'',null);
insert into META_DIM_ZONE(zone_id,zone_par_id,zone_code,zone_name,zone_desc,dim_type_id,state,dim_level,mod_flag,order_id,oder_h,test_add_col3,test_add_col4,test_add_col1,test_add_col2,test_add_col5) values(434,4,'214','政企客户部','政企客户部',1,1,3,1,0,null,to_date('','yyyy-mm-dd'),'',null,'',null);
insert into META_DIM_ZONE(zone_id,zone_par_id,zone_code,zone_name,zone_desc,dim_type_id,state,dim_level,mod_flag,order_id,oder_h,test_add_col3,test_add_col4,test_add_col1,test_add_col2,test_add_col5) values(433,4,'213','西区','西区',1,1,3,1,0,null,to_date('','yyyy-mm-dd'),'',null,'',null);
insert into META_DIM_ZONE(zone_id,zone_par_id,zone_code,zone_name,zone_desc,dim_type_id,state,dim_level,mod_flag,order_id,oder_h,test_add_col3,test_add_col4,test_add_col1,test_add_col2,test_add_col5) values(432,4,'212','仁和','仁和区',1,1,3,1,0,null,to_date('','yyyy-mm-dd'),'',null,'',null);
insert into META_DIM_ZONE(zone_id,zone_par_id,zone_code,zone_name,zone_desc,dim_type_id,state,dim_level,mod_flag,order_id,oder_h,test_add_col3,test_add_col4,test_add_col1,test_add_col2,test_add_col5) values(431,4,'211','密地','密地区',1,1,3,1,0,null,to_date('','yyyy-mm-dd'),'',null,'',null);
insert into META_DIM_ZONE(zone_id,zone_par_id,zone_code,zone_name,zone_desc,dim_type_id,state,dim_level,mod_flag,order_id,oder_h,test_add_col3,test_add_col4,test_add_col1,test_add_col2,test_add_col5) values(435,2,'21','锦江','锦江区',1,1,3,1,0,null,to_date('','yyyy-mm-dd'),'',null,'',null);
insert into META_DIM_ZONE(zone_id,zone_par_id,zone_code,zone_name,zone_desc,dim_type_id,state,dim_level,mod_flag,order_id,oder_h,test_add_col3,test_add_col4,test_add_col1,test_add_col2,test_add_col5) values(439,2,'25','成华','成华区',1,1,3,1,0,null,to_date('','yyyy-mm-dd'),'',null,'',null);
insert into META_DIM_ZONE(zone_id,zone_par_id,zone_code,zone_name,zone_desc,dim_type_id,state,dim_level,mod_flag,order_id,oder_h,test_add_col3,test_add_col4,test_add_col1,test_add_col2,test_add_col5) values(438,2,'24','武侯','武侯区',1,1,3,1,0,null,to_date('','yyyy-mm-dd'),'',null,'',null);
insert into META_DIM_ZONE(zone_id,zone_par_id,zone_code,zone_name,zone_desc,dim_type_id,state,dim_level,mod_flag,order_id,oder_h,test_add_col3,test_add_col4,test_add_col1,test_add_col2,test_add_col5) values(437,2,'23','金牛','金牛区',1,1,3,1,0,null,to_date('','yyyy-mm-dd'),'',null,'',null);
insert into META_DIM_ZONE(zone_id,zone_par_id,zone_code,zone_name,zone_desc,dim_type_id,state,dim_level,mod_flag,order_id,oder_h,test_add_col3,test_add_col4,test_add_col1,test_add_col2,test_add_col5) values(436,2,'22','青羊','青羊区',1,1,3,1,0,null,to_date('','yyyy-mm-dd'),'',null,'',null);
insert into META_DIM_ZONE(zone_id,zone_par_id,zone_code,zone_name,zone_desc,dim_type_id,state,dim_level,mod_flag,order_id,oder_h,test_add_col3,test_add_col4,test_add_col1,test_add_col2,test_add_col5) values(440,2,'26','高新区','高新区',1,1,3,1,0,null,to_date('','yyyy-mm-dd'),'',null,'',null);
insert into META_DIM_ZONE(zone_id,zone_par_id,zone_code,zone_name,zone_desc,dim_type_id,state,dim_level,mod_flag,order_id,oder_h,test_add_col3,test_add_col4,test_add_col1,test_add_col2,test_add_col5) values(410,22,'190','资阳市公司部门','雁江区  -- 雁江区（现业）',1,1,3,1,0,null,to_date('','yyyy-mm-dd'),'',null,'',null);
insert into META_DIM_ZONE(zone_id,zone_par_id,zone_code,zone_name,zone_desc,dim_type_id,state,dim_level,mod_flag,order_id,oder_h,test_add_col3,test_add_col4,test_add_col1,test_add_col2,test_add_col5) values(1,0,'0000','四川省','',1,1,1,1,0,null,to_date('','yyyy-mm-dd'),'',null,'',null);
insert into META_DIM_ZONE(zone_id,zone_par_id,zone_code,zone_name,zone_desc,dim_type_id,state,dim_level,mod_flag,order_id,oder_h,test_add_col3,test_add_col4,test_add_col1,test_add_col2,test_add_col5) values(2,1,'028','成都','',1,1,2,1,0,null,to_date('','yyyy-mm-dd'),'',null,'',null);
insert into META_DIM_ZONE(zone_id,zone_par_id,zone_code,zone_name,zone_desc,dim_type_id,state,dim_level,mod_flag,order_id,oder_h,test_add_col3,test_add_col4,test_add_col1,test_add_col2,test_add_col5) values(3,1,'0813','自贡','',1,1,2,1,0,null,to_date('','yyyy-mm-dd'),'',null,'',null);
insert into META_DIM_ZONE(zone_id,zone_par_id,zone_code,zone_name,zone_desc,dim_type_id,state,dim_level,mod_flag,order_id,oder_h,test_add_col3,test_add_col4,test_add_col1,test_add_col2,test_add_col5) values(4,1,'0812','攀枝花','',1,1,2,1,0,null,to_date('','yyyy-mm-dd'),'',null,'',null);
insert into META_DIM_ZONE(zone_id,zone_par_id,zone_code,zone_name,zone_desc,dim_type_id,state,dim_level,mod_flag,order_id,oder_h,test_add_col3,test_add_col4,test_add_col1,test_add_col2,test_add_col5) values(5,1,'0830','泸州','',1,1,2,1,0,null,to_date('','yyyy-mm-dd'),'',null,'',null);
insert into META_DIM_ZONE(zone_id,zone_par_id,zone_code,zone_name,zone_desc,dim_type_id,state,dim_level,mod_flag,order_id,oder_h,test_add_col3,test_add_col4,test_add_col1,test_add_col2,test_add_col5) values(6,1,'0838','德阳','',1,1,2,1,0,null,to_date('','yyyy-mm-dd'),'',null,'',null);
insert into META_DIM_ZONE(zone_id,zone_par_id,zone_code,zone_name,zone_desc,dim_type_id,state,dim_level,mod_flag,order_id,oder_h,test_add_col3,test_add_col4,test_add_col1,test_add_col2,test_add_col5) values(7,1,'0816','绵阳','',1,1,2,1,0,null,to_date('','yyyy-mm-dd'),'',null,'',null);
insert into META_DIM_ZONE(zone_id,zone_par_id,zone_code,zone_name,zone_desc,dim_type_id,state,dim_level,mod_flag,order_id,oder_h,test_add_col3,test_add_col4,test_add_col1,test_add_col2,test_add_col5) values(8,1,'0839','广元','',1,1,2,1,0,null,to_date('','yyyy-mm-dd'),'',null,'',null);
insert into META_DIM_ZONE(zone_id,zone_par_id,zone_code,zone_name,zone_desc,dim_type_id,state,dim_level,mod_flag,order_id,oder_h,test_add_col3,test_add_col4,test_add_col1,test_add_col2,test_add_col5) values(9,1,'0825','遂宁','',1,1,2,1,0,null,to_date('','yyyy-mm-dd'),'',null,'',null);
insert into META_DIM_ZONE(zone_id,zone_par_id,zone_code,zone_name,zone_desc,dim_type_id,state,dim_level,mod_flag,order_id,oder_h,test_add_col3,test_add_col4,test_add_col1,test_add_col2,test_add_col5) values(10,1,'0832','内江','',1,1,2,1,0,null,to_date('','yyyy-mm-dd'),'',null,'',null);
insert into META_DIM_ZONE(zone_id,zone_par_id,zone_code,zone_name,zone_desc,dim_type_id,state,dim_level,mod_flag,order_id,oder_h,test_add_col3,test_add_col4,test_add_col1,test_add_col2,test_add_col5) values(11,1,'0833','乐山','',1,1,2,1,0,null,to_date('','yyyy-mm-dd'),'',null,'',null);
insert into META_DIM_ZONE(zone_id,zone_par_id,zone_code,zone_name,zone_desc,dim_type_id,state,dim_level,mod_flag,order_id,oder_h,test_add_col3,test_add_col4,test_add_col1,test_add_col2,test_add_col5) values(12,1,'0817','南充','',1,1,2,1,0,null,to_date('','yyyy-mm-dd'),'',null,'',null);
insert into META_DIM_ZONE(zone_id,zone_par_id,zone_code,zone_name,zone_desc,dim_type_id,state,dim_level,mod_flag,order_id,oder_h,test_add_col3,test_add_col4,test_add_col1,test_add_col2,test_add_col5) values(19,1,'0834','凉山','',1,1,2,1,0,null,to_date('','yyyy-mm-dd'),'',null,'',null);
insert into META_DIM_ZONE(zone_id,zone_par_id,zone_code,zone_name,zone_desc,dim_type_id,state,dim_level,mod_flag,order_id,oder_h,test_add_col3,test_add_col4,test_add_col1,test_add_col2,test_add_col5) values(20,1,'0827','巴中','',1,1,2,1,0,null,to_date('','yyyy-mm-dd'),'',null,'',null);
insert into META_DIM_ZONE(zone_id,zone_par_id,zone_code,zone_name,zone_desc,dim_type_id,state,dim_level,mod_flag,order_id,oder_h,test_add_col3,test_add_col4,test_add_col1,test_add_col2,test_add_col5) values(21,1,'0840','眉山','',1,1,2,1,0,null,to_date('','yyyy-mm-dd'),'',null,'',null);
insert into META_DIM_ZONE(zone_id,zone_par_id,zone_code,zone_name,zone_desc,dim_type_id,state,dim_level,mod_flag,order_id,oder_h,test_add_col3,test_add_col4,test_add_col1,test_add_col2,test_add_col5) values(22,1,'0841','资阳','',1,1,2,1,0,null,to_date('','yyyy-mm-dd'),'',null,'',null);
insert into META_DIM_ZONE(zone_id,zone_par_id,zone_code,zone_name,zone_desc,dim_type_id,state,dim_level,mod_flag,order_id,oder_h,test_add_col3,test_add_col4,test_add_col1,test_add_col2,test_add_col5) values(234,17,'1','汶川','汶川县',1,1,0,1,0,null,to_date('','yyyy-mm-dd'),'',null,'',null);
insert into META_DIM_ZONE(zone_id,zone_par_id,zone_code,zone_name,zone_desc,dim_type_id,state,dim_level,mod_flag,order_id,oder_h,test_add_col3,test_add_col4,test_add_col1,test_add_col2,test_add_col5) values(235,17,'2','理县','理县',1,1,0,1,0,null,to_date('','yyyy-mm-dd'),'',null,'',null);
insert into META_DIM_ZONE(zone_id,zone_par_id,zone_code,zone_name,zone_desc,dim_type_id,state,dim_level,mod_flag,order_id,oder_h,test_add_col3,test_add_col4,test_add_col1,test_add_col2,test_add_col5) values(236,17,'3','茂县','茂县',1,1,0,1,0,null,to_date('','yyyy-mm-dd'),'',null,'',null);
insert into META_DIM_ZONE(zone_id,zone_par_id,zone_code,zone_name,zone_desc,dim_type_id,state,dim_level,mod_flag,order_id,oder_h,test_add_col3,test_add_col4,test_add_col1,test_add_col2,test_add_col5) values(237,17,'4','松潘','松潘县',1,1,0,1,0,null,to_date('','yyyy-mm-dd'),'',null,'',null);
insert into META_DIM_ZONE(zone_id,zone_par_id,zone_code,zone_name,zone_desc,dim_type_id,state,dim_level,mod_flag,order_id,oder_h,test_add_col3,test_add_col4,test_add_col1,test_add_col2,test_add_col5) values(238,17,'5','九寨沟','九寨沟县',1,1,0,1,0,null,to_date('','yyyy-mm-dd'),'',null,'',null);
insert into META_DIM_ZONE(zone_id,zone_par_id,zone_code,zone_name,zone_desc,dim_type_id,state,dim_level,mod_flag,order_id,oder_h,test_add_col3,test_add_col4,test_add_col1,test_add_col2,test_add_col5) values(239,17,'6','金川','金川县',1,1,0,1,0,null,to_date('','yyyy-mm-dd'),'',null,'',null);
insert into META_DIM_ZONE(zone_id,zone_par_id,zone_code,zone_name,zone_desc,dim_type_id,state,dim_level,mod_flag,order_id,oder_h,test_add_col3,test_add_col4,test_add_col1,test_add_col2,test_add_col5) values(240,17,'7','小金','小金县',1,1,0,1,0,null,to_date('','yyyy-mm-dd'),'',null,'',null);
insert into META_DIM_ZONE(zone_id,zone_par_id,zone_code,zone_name,zone_desc,dim_type_id,state,dim_level,mod_flag,order_id,oder_h,test_add_col3,test_add_col4,test_add_col1,test_add_col2,test_add_col5) values(241,17,'8','黑水','黑水县',1,1,0,1,0,null,to_date('','yyyy-mm-dd'),'',null,'',null);
insert into META_DIM_ZONE(zone_id,zone_par_id,zone_code,zone_name,zone_desc,dim_type_id,state,dim_level,mod_flag,order_id,oder_h,test_add_col3,test_add_col4,test_add_col1,test_add_col2,test_add_col5) values(242,17,'9','阿坝市公司部门','马尔康县--马尔康（现业）',1,1,0,1,0,null,to_date('','yyyy-mm-dd'),'',null,'',null);
insert into META_DIM_ZONE(zone_id,zone_par_id,zone_code,zone_name,zone_desc,dim_type_id,state,dim_level,mod_flag,order_id,oder_h,test_add_col3,test_add_col4,test_add_col1,test_add_col2,test_add_col5) values(243,17,'10','壤塘','壤塘县',1,1,0,1,0,null,to_date('','yyyy-mm-dd'),'',null,'',null);
insert into META_DIM_ZONE(zone_id,zone_par_id,zone_code,zone_name,zone_desc,dim_type_id,state,dim_level,mod_flag,order_id,oder_h,test_add_col3,test_add_col4,test_add_col1,test_add_col2,test_add_col5) values(244,17,'11','阿坝','阿坝县',1,1,0,1,0,null,to_date('','yyyy-mm-dd'),'',null,'',null);
insert into META_DIM_ZONE(zone_id,zone_par_id,zone_code,zone_name,zone_desc,dim_type_id,state,dim_level,mod_flag,order_id,oder_h,test_add_col3,test_add_col4,test_add_col1,test_add_col2,test_add_col5) values(245,17,'12','若尔盖','若尔盖县',1,1,0,1,0,null,to_date('','yyyy-mm-dd'),'',null,'',null);
insert into META_DIM_ZONE(zone_id,zone_par_id,zone_code,zone_name,zone_desc,dim_type_id,state,dim_level,mod_flag,order_id,oder_h,test_add_col3,test_add_col4,test_add_col1,test_add_col2,test_add_col5) values(246,17,'13','红原','红原县',1,1,0,1,0,null,to_date('','yyyy-mm-dd'),'',null,'',null);
insert into META_DIM_ZONE(zone_id,zone_par_id,zone_code,zone_name,zone_desc,dim_type_id,state,dim_level,mod_flag,order_id,oder_h,test_add_col3,test_add_col4,test_add_col1,test_add_col2,test_add_col5) values(247,17,'14','阿坝州未知营业区','阿坝州未知营业区',1,1,0,1,0,null,to_date('','yyyy-mm-dd'),'',null,'',null);
insert into META_DIM_ZONE(zone_id,zone_par_id,zone_code,zone_name,zone_desc,dim_type_id,state,dim_level,mod_flag,order_id,oder_h,test_add_col3,test_add_col4,test_add_col1,test_add_col2,test_add_col5) values(248,20,'15','巴中市公司部门','巴中市',1,1,3,1,0,null,to_date('','yyyy-mm-dd'),'',null,'',null);
insert into META_DIM_ZONE(zone_id,zone_par_id,zone_code,zone_name,zone_desc,dim_type_id,state,dim_level,mod_flag,order_id,oder_h,test_add_col3,test_add_col4,test_add_col1,test_add_col2,test_add_col5) values(249,20,'16','平昌','平昌县',1,1,3,1,0,null,to_date('','yyyy-mm-dd'),'',null,'',null);
insert into META_DIM_ZONE(zone_id,zone_par_id,zone_code,zone_name,zone_desc,dim_type_id,state,dim_level,mod_flag,order_id,oder_h,test_add_col3,test_add_col4,test_add_col1,test_add_col2,test_add_col5) values(250,20,'17','通江','通江县',1,1,3,1,0,null,to_date('','yyyy-mm-dd'),'',null,'',null);
insert into META_DIM_ZONE(zone_id,zone_par_id,zone_code,zone_name,zone_desc,dim_type_id,state,dim_level,mod_flag,order_id,oder_h,test_add_col3,test_add_col4,test_add_col1,test_add_col2,test_add_col5) values(251,20,'18','南江','南江县',1,1,3,1,0,null,to_date('','yyyy-mm-dd'),'',null,'',null);
insert into META_DIM_ZONE(zone_id,zone_par_id,zone_code,zone_name,zone_desc,dim_type_id,state,dim_level,mod_flag,order_id,oder_h,test_add_col3,test_add_col4,test_add_col1,test_add_col2,test_add_col5) values(252,20,'19','巴中市未知营业区','巴中市未知营业区',1,1,3,1,0,null,to_date('','yyyy-mm-dd'),'',null,'',null);
insert into META_DIM_ZONE(zone_id,zone_par_id,zone_code,zone_name,zone_desc,dim_type_id,state,dim_level,mod_flag,order_id,oder_h,test_add_col3,test_add_col4,test_add_col1,test_add_col2,test_add_col5) values(253,2,'20','成都市公司部门','成都市市辖区',1,1,3,1,0,null,to_date('','yyyy-mm-dd'),'',null,'',null);
insert into META_DIM_ZONE(zone_id,zone_par_id,zone_code,zone_name,zone_desc,dim_type_id,state,dim_level,mod_flag,order_id,oder_h,test_add_col3,test_add_col4,test_add_col1,test_add_col2,test_add_col5) values(254,2,'27','龙泉驿','龙泉区',1,1,3,1,0,null,to_date('','yyyy-mm-dd'),'',null,'',null);
insert into META_DIM_ZONE(zone_id,zone_par_id,zone_code,zone_name,zone_desc,dim_type_id,state,dim_level,mod_flag,order_id,oder_h,test_add_col3,test_add_col4,test_add_col1,test_add_col2,test_add_col5) values(255,2,'28','青白江','青白江区',1,1,3,1,0,null,to_date('','yyyy-mm-dd'),'',null,'',null);
insert into META_DIM_ZONE(zone_id,zone_par_id,zone_code,zone_name,zone_desc,dim_type_id,state,dim_level,mod_flag,order_id,oder_h,test_add_col3,test_add_col4,test_add_col1,test_add_col2,test_add_col5) values(256,2,'29','新都','新都县',1,1,3,1,0,null,to_date('','yyyy-mm-dd'),'',null,'',null);
insert into META_DIM_ZONE(zone_id,zone_par_id,zone_code,zone_name,zone_desc,dim_type_id,state,dim_level,mod_flag,order_id,oder_h,test_add_col3,test_add_col4,test_add_col1,test_add_col2,test_add_col5) values(257,2,'30','温江','温江县',1,1,3,1,0,null,to_date('','yyyy-mm-dd'),'',null,'',null);
insert into META_DIM_ZONE(zone_id,zone_par_id,zone_code,zone_name,zone_desc,dim_type_id,state,dim_level,mod_flag,order_id,oder_h,test_add_col3,test_add_col4,test_add_col1,test_add_col2,test_add_col5) values(258,2,'31','都江堰','都江堰市',1,1,3,1,0,null,to_date('','yyyy-mm-dd'),'',null,'',null);
insert into META_DIM_ZONE(zone_id,zone_par_id,zone_code,zone_name,zone_desc,dim_type_id,state,dim_level,mod_flag,order_id,oder_h,test_add_col3,test_add_col4,test_add_col1,test_add_col2,test_add_col5) values(259,2,'32','彭州','彭州市',1,1,3,1,0,null,to_date('','yyyy-mm-dd'),'',null,'',null);
insert into META_DIM_ZONE(zone_id,zone_par_id,zone_code,zone_name,zone_desc,dim_type_id,state,dim_level,mod_flag,order_id,oder_h,test_add_col3,test_add_col4,test_add_col1,test_add_col2,test_add_col5) values(260,2,'33','邛崃','邛崃市',1,1,3,1,0,null,to_date('','yyyy-mm-dd'),'',null,'',null);
insert into META_DIM_ZONE(zone_id,zone_par_id,zone_code,zone_name,zone_desc,dim_type_id,state,dim_level,mod_flag,order_id,oder_h,test_add_col3,test_add_col4,test_add_col1,test_add_col2,test_add_col5) values(261,2,'34','崇州','崇州市',1,1,3,1,0,null,to_date('','yyyy-mm-dd'),'',null,'',null);
insert into META_DIM_ZONE(zone_id,zone_par_id,zone_code,zone_name,zone_desc,dim_type_id,state,dim_level,mod_flag,order_id,oder_h,test_add_col3,test_add_col4,test_add_col1,test_add_col2,test_add_col5) values(262,2,'35','金堂','金堂县',1,1,3,1,0,null,to_date('','yyyy-mm-dd'),'',null,'',null);
insert into META_DIM_ZONE(zone_id,zone_par_id,zone_code,zone_name,zone_desc,dim_type_id,state,dim_level,mod_flag,order_id,oder_h,test_add_col3,test_add_col4,test_add_col1,test_add_col2,test_add_col5) values(263,2,'36','双流','双流县',1,1,3,1,0,null,to_date('','yyyy-mm-dd'),'',null,'',null);
insert into META_DIM_ZONE(zone_id,zone_par_id,zone_code,zone_name,zone_desc,dim_type_id,state,dim_level,mod_flag,order_id,oder_h,test_add_col3,test_add_col4,test_add_col1,test_add_col2,test_add_col5) values(264,2,'37','郫县','郫县',1,1,3,1,0,null,to_date('','yyyy-mm-dd'),'',null,'',null);
insert into META_DIM_ZONE(zone_id,zone_par_id,zone_code,zone_name,zone_desc,dim_type_id,state,dim_level,mod_flag,order_id,oder_h,test_add_col3,test_add_col4,test_add_col1,test_add_col2,test_add_col5) values(265,2,'38','大邑','大邑县',1,1,3,1,0,null,to_date('','yyyy-mm-dd'),'',null,'',null);
insert into META_DIM_ZONE(zone_id,zone_par_id,zone_code,zone_name,zone_desc,dim_type_id,state,dim_level,mod_flag,order_id,oder_h,test_add_col3,test_add_col4,test_add_col1,test_add_col2,test_add_col5) values(266,2,'39','蒲江','浦江县',1,1,3,1,0,null,to_date('','yyyy-mm-dd'),'',null,'',null);
insert into META_DIM_ZONE(zone_id,zone_par_id,zone_code,zone_name,zone_desc,dim_type_id,state,dim_level,mod_flag,order_id,oder_h,test_add_col3,test_add_col4,test_add_col1,test_add_col2,test_add_col5) values(267,2,'40','新津','新津县',1,1,3,1,0,null,to_date('','yyyy-mm-dd'),'',null,'',null);
insert into META_DIM_ZONE(zone_id,zone_par_id,zone_code,zone_name,zone_desc,dim_type_id,state,dim_level,mod_flag,order_id,oder_h,test_add_col3,test_add_col4,test_add_col1,test_add_col2,test_add_col5) values(268,15,'42','达州市公司部门','达川市',1,1,0,1,0,null,to_date('','yyyy-mm-dd'),'',null,'',null);
insert into META_DIM_ZONE(zone_id,zone_par_id,zone_code,zone_name,zone_desc,dim_type_id,state,dim_level,mod_flag,order_id,oder_h,test_add_col3,test_add_col4,test_add_col1,test_add_col2,test_add_col5) values(269,15,'43','万源','万源市',1,1,0,1,0,null,to_date('','yyyy-mm-dd'),'',null,'',null);
insert into META_DIM_ZONE(zone_id,zone_par_id,zone_code,zone_name,zone_desc,dim_type_id,state,dim_level,mod_flag,order_id,oder_h,test_add_col3,test_add_col4,test_add_col1,test_add_col2,test_add_col5) values(270,15,'44','宣汉','宣汉县',1,1,0,1,0,null,to_date('','yyyy-mm-dd'),'',null,'',null);
insert into META_DIM_ZONE(zone_id,zone_par_id,zone_code,zone_name,zone_desc,dim_type_id,state,dim_level,mod_flag,order_id,oder_h,test_add_col3,test_add_col4,test_add_col1,test_add_col2,test_add_col5) values(271,15,'45','开江','开江县',1,1,0,1,0,null,to_date('','yyyy-mm-dd'),'',null,'',null);
insert into META_DIM_ZONE(zone_id,zone_par_id,zone_code,zone_name,zone_desc,dim_type_id,state,dim_level,mod_flag,order_id,oder_h,test_add_col3,test_add_col4,test_add_col1,test_add_col2,test_add_col5) values(272,15,'46','大竹','大竹县',1,1,0,1,0,null,to_date('','yyyy-mm-dd'),'',null,'',null);
insert into META_DIM_ZONE(zone_id,zone_par_id,zone_code,zone_name,zone_desc,dim_type_id,state,dim_level,mod_flag,order_id,oder_h,test_add_col3,test_add_col4,test_add_col1,test_add_col2,test_add_col5) values(273,15,'47','渠县','渠县',1,1,0,1,0,null,to_date('','yyyy-mm-dd'),'',null,'',null);
insert into META_DIM_ZONE(zone_id,zone_par_id,zone_code,zone_name,zone_desc,dim_type_id,state,dim_level,mod_flag,order_id,oder_h,test_add_col3,test_add_col4,test_add_col1,test_add_col2,test_add_col5) values(274,15,'48','达州市未知营业区','达州市未知营业区',1,1,0,1,0,null,to_date('','yyyy-mm-dd'),'',null,'',null);
insert into META_DIM_ZONE(zone_id,zone_par_id,zone_code,zone_name,zone_desc,dim_type_id,state,dim_level,mod_flag,order_id,oder_h,test_add_col3,test_add_col4,test_add_col1,test_add_col2,test_add_col5) values(275,6,'209','德阳市公司部门','德阳市市辖区',1,1,3,1,0,null,to_date('','yyyy-mm-dd'),'',null,'',null);
insert into META_DIM_ZONE(zone_id,zone_par_id,zone_code,zone_name,zone_desc,dim_type_id,state,dim_level,mod_flag,order_id,oder_h,test_add_col3,test_add_col4,test_add_col1,test_add_col2,test_add_col5) values(276,6,'49','广汉','广汉市',1,1,3,1,0,null,to_date('','yyyy-mm-dd'),'',null,'',null);
insert into META_DIM_ZONE(zone_id,zone_par_id,zone_code,zone_name,zone_desc,dim_type_id,state,dim_level,mod_flag,order_id,oder_h,test_add_col3,test_add_col4,test_add_col1,test_add_col2,test_add_col5) values(277,6,'50','什邡','什邡市',1,1,3,1,0,null,to_date('','yyyy-mm-dd'),'',null,'',null);
insert into META_DIM_ZONE(zone_id,zone_par_id,zone_code,zone_name,zone_desc,dim_type_id,state,dim_level,mod_flag,order_id,oder_h,test_add_col3,test_add_col4,test_add_col1,test_add_col2,test_add_col5) values(278,6,'51','绵竹','绵竹市',1,1,3,1,0,null,to_date('','yyyy-mm-dd'),'',null,'',null);
insert into META_DIM_ZONE(zone_id,zone_par_id,zone_code,zone_name,zone_desc,dim_type_id,state,dim_level,mod_flag,order_id,oder_h,test_add_col3,test_add_col4,test_add_col1,test_add_col2,test_add_col5) values(279,6,'52','中江','中江县',1,1,3,1,0,null,to_date('','yyyy-mm-dd'),'',null,'',null);
insert into META_DIM_ZONE(zone_id,zone_par_id,zone_code,zone_name,zone_desc,dim_type_id,state,dim_level,mod_flag,order_id,oder_h,test_add_col3,test_add_col4,test_add_col1,test_add_col2,test_add_col5) values(280,6,'53','罗江','罗江县',1,1,3,1,0,null,to_date('','yyyy-mm-dd'),'',null,'',null);
insert into META_DIM_ZONE(zone_id,zone_par_id,zone_code,zone_name,zone_desc,dim_type_id,state,dim_level,mod_flag,order_id,oder_h,test_add_col3,test_add_col4,test_add_col1,test_add_col2,test_add_col5) values(281,6,'54','德阳市未知营业区','德阳市未知营业区',1,1,3,1,0,null,to_date('','yyyy-mm-dd'),'',null,'',null);
insert into META_DIM_ZONE(zone_id,zone_par_id,zone_code,zone_name,zone_desc,dim_type_id,state,dim_level,mod_flag,order_id,oder_h,test_add_col3,test_add_col4,test_add_col1,test_add_col2,test_add_col5) values(282,18,'55','康定市公司部门','康定县',1,1,0,1,0,null,to_date('','yyyy-mm-dd'),'',null,'',null);
insert into META_DIM_ZONE(zone_id,zone_par_id,zone_code,zone_name,zone_desc,dim_type_id,state,dim_level,mod_flag,order_id,oder_h,test_add_col3,test_add_col4,test_add_col1,test_add_col2,test_add_col5) values(283,18,'56','泸定','泸定县',1,1,0,1,0,null,to_date('','yyyy-mm-dd'),'',null,'',null);
insert into META_DIM_ZONE(zone_id,zone_par_id,zone_code,zone_name,zone_desc,dim_type_id,state,dim_level,mod_flag,order_id,oder_h,test_add_col3,test_add_col4,test_add_col1,test_add_col2,test_add_col5) values(284,18,'57','丹巴','丹巴县',1,1,0,1,0,null,to_date('','yyyy-mm-dd'),'',null,'',null);
insert into META_DIM_ZONE(zone_id,zone_par_id,zone_code,zone_name,zone_desc,dim_type_id,state,dim_level,mod_flag,order_id,oder_h,test_add_col3,test_add_col4,test_add_col1,test_add_col2,test_add_col5) values(285,18,'58','九龙','九龙县',1,1,0,1,0,null,to_date('','yyyy-mm-dd'),'',null,'',null);
insert into META_DIM_ZONE(zone_id,zone_par_id,zone_code,zone_name,zone_desc,dim_type_id,state,dim_level,mod_flag,order_id,oder_h,test_add_col3,test_add_col4,test_add_col1,test_add_col2,test_add_col5) values(286,18,'59','雅江','雅江县',1,1,0,1,0,null,to_date('','yyyy-mm-dd'),'',null,'',null);
-- 初始化admin用户
insert into META_MAG_USER(user_id,user_email,user_pass,user_namecn,state,user_mobile,station_id,admin_flag,head_ship,create_date,user_nameen,oa_user_name,dept_id,zone_id,user_sn,vip_flag,group_id,default_url) values(1,'admin@d223sf1a.com','96e79218965eb72c92a549dd5a330112','admin',1,'1111',22,1,'',to_date('2011-08-19 16:01:23','yyyy-mm-dd'),'admin','',3,1,null,1,1,'');
-- 初始化部门数据
insert into META_MAG_USER_DEPT(dept_id,parent_id,dept_name,dept_sn,dept_state) values(1,0,'所有部门',null,'1');
insert into META_MAG_USER_DEPT(dept_id,parent_id,dept_name,dept_sn,dept_state) values(2,1,'财务部',null,'1');
insert into META_MAG_USER_DEPT(dept_id,parent_id,dept_name,dept_sn,dept_state) values(3,1,'单位领导',null,'1');
insert into META_MAG_USER_DEPT(dept_id,parent_id,dept_name,dept_sn,dept_state) values(4,1,'电子渠道中心',null,'1');
insert into META_MAG_USER_DEPT(dept_id,parent_id,dept_name,dept_sn,dept_state) values(5,1,'号百',null,'1');
insert into META_MAG_USER_DEPT(dept_id,parent_id,dept_name,dept_sn,dept_state) values(6,1,'公客部',null,'1');
insert into META_MAG_USER_DEPT(dept_id,parent_id,dept_name,dept_sn,dept_state) values(7,1,'其它',null,'1');
insert into META_MAG_USER_DEPT(dept_id,parent_id,dept_name,dept_sn,dept_state) values(8,1,'企信部',null,'1');
insert into META_MAG_USER_DEPT(dept_id,parent_id,dept_name,dept_sn,dept_state) values(9,1,'客户服务部',null,'1');
insert into META_MAG_USER_DEPT(dept_id,parent_id,dept_name,dept_sn,dept_state) values(10,1,'人力资源部',null,'1');
insert into META_MAG_USER_DEPT(dept_id,parent_id,dept_name,dept_sn,dept_state) values(11,1,'市场部',null,'1');
insert into META_MAG_USER_DEPT(dept_id,parent_id,dept_name,dept_sn,dept_state) values(12,1,'网发部',null,'1');
insert into META_MAG_USER_DEPT(dept_id,parent_id,dept_name,dept_sn,dept_state) values(13,1,'未确定',null,'1');
insert into META_MAG_USER_DEPT(dept_id,parent_id,dept_name,dept_sn,dept_state) values(14,1,'增值业务部',null,'1');
insert into META_MAG_USER_DEPT(dept_id,parent_id,dept_name,dept_sn,dept_state) values(15,1,'政企部',null,'1');
insert into META_MAG_USER_DEPT(dept_id,parent_id,dept_name,dept_sn,dept_state) values(16,1,'综合支撑部',null,'1');
--初始化timer 表数据
insert into META_MAG_TIMER(timer_id,timer_type,timer_rule,timer_state,timer_class,timer_desc) values (1,2,'120000',1,'tydic.meta.module.tbl.grab.GrabData','');